<?xml version="1.0" encoding="UTF-8" standalone="yes"?>
<addon id="repository.tolin" name="Tolin XBMC Add-ons" version="1.0.0" provider-name="tolin">
	<extension point="xbmc.addon.repository" name="Tolin XBMC Add-ons">
		<info compressed="false">http://xbmc-repo.imac4u.de/addons.xml</info>
		<checksum>http://xbmc-repo.imac4u.de/addons.xml.md5</checksum>
		<datadir zip="false">http://xbmc-repo.imac4u.de/</datadir>
	</extension>
	<extension point="xbmc.addon.metadata">
		<summary>Install Add-ons from Tolin Add-on Repository</summary>
		<description>Plug-ins for XBMC</description>
		<disclaimer>It's a popular Russian German resources on XBMC</disclaimer>
		<platform>all</platform>
	</extension>
</addon>
